Vectorization_Method,Dimension,Leads,N,TIME
Betti_Vectorization,R2,_all,0,4.1521382331848145
Betti_Vectorization,R2,_all,4,6.869371652603149
Betti_Vectorization,R2,_all,9,10.376884937286377
Betti_Vectorization,R2,_all,99,73.06656861305237
Betti_Vectorization,R2,_V1,0,2.013032913208008
Betti_Vectorization,R2,_V1,4,2.984510898590088
Betti_Vectorization,R2,_V1,9,4.168979644775391
Betti_Vectorization,R2,_V1,99,25.284098625183105
Betti_Vectorization,R2,_V2,0,2.0033679008483887
Betti_Vectorization,R2,_V2,4,2.9638161659240723
Betti_Vectorization,R2,_V2,9,4.133009910583496
Betti_Vectorization,R2,_V2,99,24.99928379058838
Betti_Vectorization,R2,_V3,0,1.9952027797698975
Betti_Vectorization,R2,_V3,4,2.947283983230591
Betti_Vectorization,R2,_V3,9,4.108471870422363
Betti_Vectorization,R2,_V3,99,24.797791719436646
Betti_Vectorization,R2,_V1_V2,0,3.002248525619507
Betti_Vectorization,R2,_V1_V2,4,4.918535470962524
Betti_Vectorization,R2,_V1_V2,9,7.273512601852417
Betti_Vectorization,R2,_V1_V2,99,49.25238609313965
Betti_Vectorization,R2,_V1_V3,0,2.9947805404663086
Betti_Vectorization,R2,_V1_V3,4,4.902259588241577
Betti_Vectorization,R2,_V1_V3,9,7.2501256465911865
Betti_Vectorization,R2,_V1_V3,99,49.06013607978821
Betti_Vectorization,R2,_V2_V3,0,2.9844937324523926
Betti_Vectorization,R2,_V2_V3,4,4.875501871109009
Betti_Vectorization,R2,_V2_V3,9,7.2165374755859375
Betti_Vectorization,R2,_V2_V3,99,48.763948917388916
Betti_Vectorization,R3,_all,0,4.126905202865601
Betti_Vectorization,R3,_all,4,7.138882637023926
Betti_Vectorization,R3,_all,9,10.837665319442749
Betti_Vectorization,R3,_all,99,76.9080023765564
Betti_Vectorization,R3,_V1,0,2.0770797729492188
Betti_Vectorization,R3,_V1,4,3.1101603507995605
Betti_Vectorization,R3,_V1,9,4.380904674530029
Betti_Vectorization,R3,_V1,99,26.921948671340942
Betti_Vectorization,R3,_V2,0,2.0501410961151123
Betti_Vectorization,R3,_V2,4,3.0541746616363525
Betti_Vectorization,R3,_V2,9,4.289619207382202
Betti_Vectorization,R3,_V2,99,26.20796251296997
Betti_Vectorization,R3,_V3,0,2.0329346656799316
Betti_Vectorization,R3,_V3,4,3.026542901992798
Betti_Vectorization,R3,_V3,9,4.233849287033081
Betti_Vectorization,R3,_V3,99,25.77427911758423
Betti_Vectorization,R3,_V1_V2,0,3.110983371734619
Betti_Vectorization,R3,_V1_V2,4,5.138623476028442
Betti_Vectorization,R3,_V1_V2,9,7.630411386489868
Betti_Vectorization,R3,_V1_V2,99,52.11413264274597
Betti_Vectorization,R3,_V1_V3,0,3.0936086177825928
Betti_Vectorization,R3,_V1_V3,4,5.118105411529541
Betti_Vectorization,R3,_V1_V3,9,7.578451156616211
Betti_Vectorization,R3,_V1_V3,99,51.67634463310242
Betti_Vectorization,R3,_V2_V3,0,3.070484161376953
Betti_Vectorization,R3,_V2_V3,4,5.05717658996582
Betti_Vectorization,R3,_V2_V3,9,7.488962411880493
Betti_Vectorization,R3,_V2_V3,99,50.941216707229614
Betti_Vectorization,R4,_all,0,4.201828718185425
Betti_Vectorization,R4,_all,4,7.2846150398254395
Betti_Vectorization,R4,_all,9,11.078089952468872
Betti_Vectorization,R4,_all,99,78.76608920097351
Betti_Vectorization,R4,_V1,0,2.1071970462799072
Betti_Vectorization,R4,_V1,4,3.1789488792419434
Betti_Vectorization,R4,_V1,9,4.481547117233276
Betti_Vectorization,R4,_V1,99,27.72915267944336
Betti_Vectorization,R4,_V2,0,2.0722408294677734
Betti_Vectorization,R4,_V2,4,3.1071925163269043
Betti_Vectorization,R4,_V2,9,4.367449045181274
Betti_Vectorization,R4,_V2,99,26.813424825668335
Betti_Vectorization,R4,_V3,0,2.0499563217163086
Betti_Vectorization,R4,_V3,4,3.058361053466797
Betti_Vectorization,R4,_V3,9,4.290200710296631
Betti_Vectorization,R4,_V3,99,26.20997142791748
Betti_Vectorization,R4,_V1_V2,0,3.1652417182922363
Betti_Vectorization,R4,_V1_V2,4,5.301672697067261
Betti_Vectorization,R4,_V1_V2,9,7.814696788787842
Betti_Vectorization,R4,_V1_V2,99,53.52907657623291
Betti_Vectorization,R4,_V1_V3,0,3.1456167697906494
Betti_Vectorization,R4,_V1_V3,4,5.210000276565552
Betti_Vectorization,R4,_V1_V3,9,7.7445127964019775
Betti_Vectorization,R4,_V1_V3,99,52.93897795677185
Betti_Vectorization,R4,_V2_V3,0,3.1107912063598633
Betti_Vectorization,R4,_V2_V3,4,5.138753652572632
Betti_Vectorization,R4,_V2_V3,9,7.633209705352783
Betti_Vectorization,R4,_V2_V3,99,52.03671741485596
Pers_Vec_Vectorization,R2,_all,0,3.3151140213012695
Pers_Vec_Vectorization,R2,_V1,0,1.7851526737213135
Pers_Vec_Vectorization,R2,_V2,0,1.775615930557251
Pers_Vec_Vectorization,R2,_V3,0,1.7712700366973877
Pers_Vec_Vectorization,R2,_V1_V2,0,2.5468525886535645
Pers_Vec_Vectorization,R2,_V1_V3,0,2.5339999198913574
Pers_Vec_Vectorization,R2,_V2_V3,0,2.5296478271484375
Pers_Vec_Vectorization,R3,_all,0,3.3979525566101074
Pers_Vec_Vectorization,R3,_V1,0,1.8264555931091309
Pers_Vec_Vectorization,R3,_V2,0,1.8091249465942383
Pers_Vec_Vectorization,R3,_V3,0,1.795975923538208
Pers_Vec_Vectorization,R3,_V1_V2,0,2.6230993270874023
Pers_Vec_Vectorization,R3,_V1_V3,0,2.6104722023010254
Pers_Vec_Vectorization,R3,_V2_V3,0,2.590634346008301
Pers_Vec_Vectorization,R4,_all,0,3.4520339965820312
Pers_Vec_Vectorization,R4,_V1,0,1.8622448444366455
Pers_Vec_Vectorization,R4,_V2,0,1.8288469314575195
Pers_Vec_Vectorization,R4,_V3,0,1.8096816539764404
Pers_Vec_Vectorization,R4,_V1_V2,0,2.658843994140625
Pers_Vec_Vectorization,R4,_V1_V3,0,2.6517319679260254
Pers_Vec_Vectorization,R4,_V2_V3,0,2.6177961826324463
Pers_Vec_Vectorization_nooverlap,R2,_all,0,3.297924041748047
Pers_Vec_Vectorization_nooverlap,R2,_V1,0,1.7270421981811523
Pers_Vec_Vectorization_nooverlap,R2,_V2,0,1.7177248001098633
Pers_Vec_Vectorization_nooverlap,R2,_V3,0,1.7108609676361084
Pers_Vec_Vectorization_nooverlap,R2,_V1_V2,0,2.42913818359375
Pers_Vec_Vectorization_nooverlap,R2,_V1_V3,0,2.42651629447937
Pers_Vec_Vectorization_nooverlap,R2,_V2_V3,0,2.416844606399536
Pers_Vec_Vectorization_nooverlap,R3,_all,0,3.2355353832244873
Pers_Vec_Vectorization_nooverlap,R3,_V1,0,1.7724275588989258
Pers_Vec_Vectorization_nooverlap,R3,_V2,0,1.7520077228546143
Pers_Vec_Vectorization_nooverlap,R3,_V3,0,1.7408146858215332
Pers_Vec_Vectorization_nooverlap,R3,_V1_V2,0,2.511319875717163
Pers_Vec_Vectorization_nooverlap,R3,_V1_V3,0,2.5007779598236084
Pers_Vec_Vectorization_nooverlap,R3,_V2_V3,0,2.4796316623687744
Pers_Vec_Vectorization_nooverlap,R4,_all,0,3.287034749984741
Pers_Vec_Vectorization_nooverlap,R4,_V1,0,1.7952566146850586
Pers_Vec_Vectorization_nooverlap,R4,_V2,0,1.7676353454589844
Pers_Vec_Vectorization_nooverlap,R4,_V3,0,1.7487568855285645
Pers_Vec_Vectorization_nooverlap,R4,_V1_V2,0,2.5533061027526855
Pers_Vec_Vectorization_nooverlap,R4,_V1_V3,0,2.5433051586151123
Pers_Vec_Vectorization_nooverlap,R4,_V2_V3,0,2.5213263034820557
Pers_Vec_Vectorization_nocount,R2,_all,0,3.3170218467712402
Pers_Vec_Vectorization_nocount,R2,_V1,0,1.7791554927825928
Pers_Vec_Vectorization_nocount,R2,_V2,0,1.7712218761444092
Pers_Vec_Vectorization_nocount,R2,_V3,0,1.766993522644043
Pers_Vec_Vectorization_nocount,R2,_V1_V2,0,2.5436158180236816
Pers_Vec_Vectorization_nocount,R2,_V1_V3,0,2.5331337451934814
Pers_Vec_Vectorization_nocount,R2,_V2_V3,0,2.527798652648926
Pers_Vec_Vectorization_nocount,R3,_all,0,3.411771297454834
Pers_Vec_Vectorization_nocount,R3,_V1,0,1.827186107635498
Pers_Vec_Vectorization_nocount,R3,_V2,0,1.8092339038848877
Pers_Vec_Vectorization_nocount,R3,_V3,0,1.7951128482818604
Pers_Vec_Vectorization_nocount,R3,_V1_V2,0,2.618962287902832
Pers_Vec_Vectorization_nocount,R3,_V1_V3,0,2.6090307235717773
Pers_Vec_Vectorization_nocount,R3,_V2_V3,0,2.5867815017700195
Pers_Vec_Vectorization_nocount,R4,_all,0,3.4483649730682373
Pers_Vec_Vectorization_nocount,R4,_V1,0,1.8497908115386963
Pers_Vec_Vectorization_nocount,R4,_V2,0,1.823704719543457
Pers_Vec_Vectorization_nocount,R4,_V3,0,1.8045949935913086
Pers_Vec_Vectorization_nocount,R4,_V1_V2,0,2.665027141571045
Pers_Vec_Vectorization_nocount,R4,_V1_V3,0,2.645390510559082
Pers_Vec_Vectorization_nocount,R4,_V2_V3,0,2.6147820949554443
Pers_Vec_Vectorization_nocount_nooverlap,R2,_all,0,3.1312899589538574
Pers_Vec_Vectorization_nocount_nooverlap,R2,_V1,0,1.7231228351593018
Pers_Vec_Vectorization_nocount_nooverlap,R2,_V2,0,1.7143633365631104
Pers_Vec_Vectorization_nocount_nooverlap,R2,_V3,0,1.7104127407073975
Pers_Vec_Vectorization_nocount_nooverlap,R2,_V1_V2,0,2.4211947917938232
Pers_Vec_Vectorization_nocount_nooverlap,R2,_V1_V3,0,2.420423984527588
Pers_Vec_Vectorization_nocount_nooverlap,R2,_V2_V3,0,2.4108755588531494
Pers_Vec_Vectorization_nocount_nooverlap,R3,_all,0,3.22100830078125
Pers_Vec_Vectorization_nocount_nooverlap,R3,_V1,0,1.7768168449401855
Pers_Vec_Vectorization_nocount_nooverlap,R3,_V2,0,1.755629301071167
Pers_Vec_Vectorization_nocount_nooverlap,R3,_V3,0,1.7384836673736572
Pers_Vec_Vectorization_nocount_nooverlap,R3,_V1_V2,0,2.5024638175964355
Pers_Vec_Vectorization_nocount_nooverlap,R3,_V1_V3,0,2.4901530742645264
Pers_Vec_Vectorization_nocount_nooverlap,R3,_V2_V3,0,2.470299005508423
Pers_Vec_Vectorization_nocount_nooverlap,R4,_all,0,3.2702524662017822
Pers_Vec_Vectorization_nocount_nooverlap,R4,_V1,0,1.7934684753417969
Pers_Vec_Vectorization_nocount_nooverlap,R4,_V2,0,1.7658636569976807
Pers_Vec_Vectorization_nocount_nooverlap,R4,_V3,0,1.7466673851013184
Pers_Vec_Vectorization_nocount_nooverlap,R4,_V1_V2,0,2.541996479034424
Pers_Vec_Vectorization_nocount_nooverlap,R4,_V1_V3,0,2.5249996185302734
Pers_Vec_Vectorization_nocount_nooverlap,R4,_V2_V3,0,2.4956159591674805
Pers_Vec_Vectorization_noarea,R2,_all,0,2.9399144649505615
Pers_Vec_Vectorization_noarea,R2,_V1,0,1.6542000770568848
Pers_Vec_Vectorization_noarea,R2,_V2,0,1.6482439041137695
Pers_Vec_Vectorization_noarea,R2,_V3,0,1.6430318355560303
Pers_Vec_Vectorization_noarea,R2,_V1_V2,0,2.2873871326446533
Pers_Vec_Vectorization_noarea,R2,_V1_V3,0,2.284287214279175
Pers_Vec_Vectorization_noarea,R2,_V2_V3,0,2.2740767002105713
Pers_Vec_Vectorization_noarea,R3,_all,0,3.0080764293670654
Pers_Vec_Vectorization_noarea,R3,_V1,0,1.6955852508544922
Pers_Vec_Vectorization_noarea,R3,_V2,0,1.6759858131408691
Pers_Vec_Vectorization_noarea,R3,_V3,0,1.6675610542297363
Pers_Vec_Vectorization_noarea,R3,_V1_V2,0,2.3559036254882812
Pers_Vec_Vectorization_noarea,R3,_V1_V3,0,2.3470404148101807
Pers_Vec_Vectorization_noarea,R3,_V2_V3,0,2.331141471862793
Pers_Vec_Vectorization_noarea,R4,_all,0,3.051105260848999
Pers_Vec_Vectorization_noarea,R4,_V1,0,1.7211387157440186
Pers_Vec_Vectorization_noarea,R4,_V2,0,1.7017276287078857
Pers_Vec_Vectorization_noarea,R4,_V3,0,1.6837217807769775
Pers_Vec_Vectorization_noarea,R4,_V1_V2,0,3.1277451515197754
Pers_Vec_Vectorization_noarea,R4,_V1_V3,0,3.100153923034668
Pers_Vec_Vectorization_noarea,R4,_V2_V3,0,3.0754916667938232
